,size,numberQueries,dataDistribution,snappy_times,simd_times,rle_times,uncompressed_times,snappy_sizes,simd_sizes,rle_sizes,uncompressed_sizes
0,10000,10000,0,0.726491,0.876328,1.00479,0.623613,65548,31924,65536,1966080
1,10000,10000,1,0.634498,0.832231,0.776382,0.749045,65547,2220,16,65536
2,10000,10000,2,0.709474,0.879579,0.797938,0.618226,65548,30204,65536,65536
3,11250,10000,0,0.782131,0.952151,0.717184,0.582858,65548,32008,65536,65536
4,11250,10000,1,0.692984,0.730753,0.664393,0.570492,65547,2220,16,65536
5,11250,10000,2,0.700765,1.09332,0.860213,0.584151,65548,30236,65536,65536
