,size,numberQueries,dataDistribution,snappy_read_times,simd_read_times,rle_read_times,uncompressed_read_times,snappy_load_times,simd_load_times,rle_load_times,uncompressed_load_times,snappy_sizes,simd_sizes,rle_sizes,uncompressed_sizes,readPercentage
0,10000,10000,0,0.034539,0.034395,0.034374,0.034376,0.007622,0.007657,0.007611,0.007714,0,0,0,125829120,100
1,10000,10000,1,0.03455,0.034418,0.034444,0.034421,0.006854,0.006897,0.006792,0.006806,0,0,0,0,100
2,10000,10000,2,0.034812,0.034852,0.035909,0.034814,0.007662,0.007767,0.007618,0.007622,0,0,0,0,100
3,10000,10000,0,0.021753,0.021787,0.021828,0.021932,0.007639,0.0084,0.007626,0.007694,0,0,0,0,50
4,10000,10000,1,0.021728,0.021724,0.021711,0.021695,0.006913,0.00683,0.0068,0.006824,0,0,0,0,50
5,1000,10000,2,0.006336,0.006326,0.006366,0.006321,0.000761,0.000766,0.000765,0.000764,0,0,0,0,50
