,size,numberQueries,dataDistribution,snappy_read_times,simd_read_times,rle_read_times,uncompressed_read_times,snappy_load_times,simd_load_times,rle_load_times,uncompressed_load_times,snappy_sizes,simd_sizes,rle_sizes,uncompressed_sizes,readPercentage
0,10000,10000,0,0.729368,0.770573,0.651828,0.534046,0.010199,0.009871,0.010557,0.011127,65548,65696,65536,65536,100
1,10000,10000,1,0.700534,0.960036,0.900271,0.510541,0.008246,0.011407,0.012678,0.00783,65548,65696,65536,65536,100
2,10000,10000,2,0.664387,1.06248,0.846672,0.534506,0.010733,0.012741,0.010942,0.01029,65548,65696,65536,65536,100
3,10000,10000,0,0.380949,0.428506,0.34931,0.317853,0.01056,0.010634,0.010396,0.016394,98322,98544,98304,98304,50
4,10000,10000,1,0.366267,0.46106,0.441291,0.348087,0.007983,0.00984,0.008987,0.009244,98323,98544,98304,98304,50
5,1000,10000,2,0.114046,0.153177,0.155869,0.116625,0.001011,0.000599,0.000837,0.000554,32774,32848,32768,32768,50
