,size,numberQueries,dataDistribution,snappy_read_times,simd_read_times,rle_read_times,uncompressed_read_times,snappy_load_times,simd_load_times,rle_load_times,uncompressed_load_times,snappy_sizes,simd_sizes,rle_sizes,uncompressed_sizes,readPercentage
0,10000,10000,0,0.030358,0.029964,0.030587,0.02943,0.006315,0.005097,0.005022,0.004858,0,0,0,0,100
1,10000,10000,1,0.030577,0.031958,0.051951,0.055158,0.00424,0.004954,0.00449,0.006804,0,0,0,0,100
2,10000,10000,2,0.031104,0.030433,0.029993,0.03013,0.005547,0.005077,0.004828,0.005279,0,0,0,0,100
3,10000,10000,0,0.021688,0.019662,0.018367,0.019256,0.005114,0.009456,0.007513,0.004987,0,0,0,0,50
4,10000,10000,1,0.019213,0.019432,0.018871,0.020668,0.005395,0.004565,0.00418,0.004777,0,0,0,0,50
5,1000,10000,2,0.006434,0.006157,0.005401,0.006901,0.00061,0.000996,0.000553,0.000595,0,0,0,0,50
