size,numberQueries,dataDistribution,snappy_read_times,simd_read_times,rle_read_times,uncompressed_read_times,snappy_load_times,simd_load_times,rle_load_times,uncompressed_load_times,snappy_sizes,simd_sizes,rle_sizes,uncompressed_sizes,readPercentage
10000,10000,0,0.034447,0.035288,0.034449,0.034438,0.007631,0.007603,0.007582,0.007659,0,0,0,0,100
10000,10000,1,0.034534,0.034609,0.034552,0.034501,0.006813,0.006827,0.00683,0.006865,0,0,0,0,100
10000,10000,2,0.034583,0.034561,0.034548,0.034554,0.007583,0.007568,0.007588,0.007538,0,0,0,0,100
10000,10000,0,0.0215,0.021303,0.021385,0.021851,0.007547,0.007589,0.007609,0.007544,0,0,0,0,50
10000,10000,1,0.02386,0.021992,0.021936,0.021897,0.006827,0.006791,0.006954,0.00679,0,0,0,0,50
1000,10000,2,0.006401,0.006366,0.006387,0.006363,0.00076,0.000777,0.000759,0.000774,0,0,0,0,50
