size,numberQueries,dataDistribution,snappy_read_times,simd_read_times,rle_read_times,uncompressed_read_times,snappy_load_times,simd_load_times,rle_load_times,uncompressed_load_times,snappy_sizes,simd_sizes,rle_sizes,uncompressed_sizes,readPercentage
10000,10000,0,0.041692,0.043362,0.057718,0.032718,0.005894,0.006498,0.005987,0.006027,0,0,0,0,100
10000,10000,1,0.038416,0.039409,0.043589,0.048793,0.005248,0.005668,0.007558,0.005526,0,0,0,0,100
10000,10000,2,0.042075,0.040715,0.039913,0.041801,0.006028,0.009551,0.006247,0.006709,0,0,0,0,100
10000,10000,0,0.025847,0.025147,0.029533,0.030453,0.006658,0.00641,0.011113,0.008809,0,0,0,0,50
10000,10000,1,0.025153,0.030372,0.025705,0.025253,0.005527,0.007677,0.00539,0.005055,0,0,0,0,50
1000,10000,2,0.007366,0.007753,0.007682,0.007554,0.000976,0.000671,0.000842,0.000678,0,0,0,0,50
