size,numberQueries,dataDistribution,snappy_read_times,simd_read_times,rle_read_times,uncompressed_read_times,snappy_load_times,simd_load_times,rle_load_times,uncompressed_load_times,snappy_sizes,simd_sizes,rle_sizes,uncompressed_sizes,readPercentage
10000,10000,0,0.035121,0.035033,0.034519,0.034531,0.007603,0.007575,0.007569,0.007539,0,0,0,0,100
10000,10000,1,0.034426,0.034432,0.034705,0.034477,0.00682,0.007003,0.006853,0.006776,0,0,0,0,100
10000,10000,2,0.034776,0.034473,0.034418,0.034414,0.007562,0.007546,0.007618,0.007555,0,0,0,0,100
10000,10000,0,0.021877,0.02187,0.021948,0.021861,0.007591,0.007613,0.007562,0.007601,0,0,0,0,50
10000,10000,1,0.02111,0.021099,0.021137,0.021092,0.006824,0.006827,0.006851,0.006834,0,0,0,0,50
1000,10000,2,0.006372,0.006382,0.006379,0.00639,0.000769,0.000777,0.000757,0.000754,0,0,0,0,50
