uncompressed_size,uncompressed_read,compressed_size,compressed_read
1000000,0.000618,46910,0.000311
2000000,0.001405,93815,0.000586
3000000,0.001754,140721,0.001081
4000000,0.0022,187628,0.001265
