uncompressed_size,compressed_size,uncompressed_read,compressed_read,decompress_time,total_decompression,ratio
16384,776,6.5e-05,2.1e-05,3.1e-05,5.2e-05,0.0473633
32768,1544,6.4e-05,1.3e-05,3.1e-05,4.4e-05,0.0471191
65536,3080,3.4e-05,1.2e-05,9e-05,0.000102,0.0469971
131072,6157,5.9e-05,1.7e-05,0.000144,0.000161,0.0469742
262144,12311,0.000109,1.8e-05,0.000205,0.000223,0.0469627
524288,24619,0.000153,2.9e-05,0.000543,0.000572,0.046957
1048576,49235,0.000213,5.2e-05,0.000782,0.000834,0.0469542
