ratio,uncompressed_size,uncompressed_write,compressed_size,compress_time,compressed_write,total_compression
0.323478,100000000,0.108318,32347805,0.346635,0.061882,0.408517
0.323428,150000000,0.128661,48514184,0.514356,0.073686,0.588042
0.323481,200000000,0.167248,64696131,0.688105,0.094999,0.783104
